Jogo para Churrasco Tramontina Polywood 12 peças,149.99,https://www.havan.com.br/media/catalog/product/cache/820af7facfa7aca6eb3c138e3457dc8d/j/o/jogo-para-churrasco-tramontina-polywood-12-pecas_270702.jpg,https://www.havan.com.br/jogo-para-churrasco-tramontina-polywood-12-pecas-21199-703/p?utm_source=CompWhats
Faqueiro de luxo Preto Slim Talheres de aço Inoxidavel 24pçs,139.90,https://m.media-amazon.com/images/I/518ou4yhCZL._AC_SL1080_.jpg,https://www.amazon.com.br/dp/B09W82XNP3/ref=cm_sw_r_api_i_MGQJ0AHV0H55NY100HTP_0
Faqueiro Lyon - 36 peças - Aço Inox - Brinox,119.89,https://m.media-amazon.com/images/I/51WOwdxtjzL._AC_SL1000_.jpg,https://www.amazon.com.br/dp/B07YN1T44F/ref=cm_sw_r_api_i_WBXHW425H81RA2T6C375_0
Conjunto Taça para Água de Acrílico Bico de Jaca 320ML 6PÇS,255.00,https://utilplast.vteximg.com.br/arquivos/ids/297174/36910.jpg?v=637509838897200000,https://www.camicado.com.br/p/conjunto-taca-para-agua-de-acrilico-bico-de-jaca-320ml-6pcs/-/A-700234559-br.lc?sku=750593313,1
Conjunto de 6 Canecas 260ml Ryo Maresia,120.88,https://a-static.mlcdn.com.br/800x560/conjunto-de-6-canecas-260ml-ryo-maresia-oxford/utilidadesparavoce/e2f7b6ca874c11ecb14f4201ac185055/416ddc0094292395f8b69a4daab9c307.jpeg,https://www.magazineluiza.com.br/conjunto-de-6-canecas-260ml-ryo-maresia-oxford/p/cc1aj7adc2/ud/canc/?&seller_id=utilidadesparavoce&utm_source=google&utm_medium=pla&utm_campaign=&partner_id=69107&gclid=CjwKCAjwpqCZBhAbEiwAa7pXeSGu5p4MPJJXFPsRmiuSfsOh4z0hLVXEUOtPSr69GTpVnbB1GIT3CRoC9y8QAvD_BwE&gclsrc=aw.ds
Conjunto de Canecas Porto Brasil,69.90,https://imgs.casasbahia.com.br/13602253/1xg.jpg,https://www.casasbahia.com.br/conjunto-de-canecas-porto-brasil-roma-em-faianca-feldspatica-343ml-4-pecas-13602253/p/13602253?utm_medium=Cpc&utm_source=GP_PLA&IdSku=13602253&idLojista=10037&tipoLojista=1P&&utm_campaign=ud_performance_max&gclid=CjwKCAjwpqCZBhAbEiwAa7pXeRbVEzt0I01czEP2fxZYvAw5YeBcgQ5YwqtQcwfa7RgTmXAWZZUCExoCg5QQAvD_BwE&gclsrc=aw.ds
Porto Brasil Conjunto Com 4 Canecas Roma Verde Sálvia,64.90,https://m.media-amazon.com/images/I/51bXXGshPmL._AC_SL1200_.jpg,https://www.amazon.com.br/Caneca-Porto-Brasil-Verde-S%C3%A1lvia/dp/B07F99KH4H/ref=sr_1_18?__mk_pt_BR=%C3%85M%C3%85%C5%BD%C3%95%C3%91&crid=YFBMKA1M8J9I&keywords=jogo+de+caneca&qid=1663625976&sprefix=jogo+de+caneca%2Caps%2C172&sr=8-18&ufe=app_do%3Aamzn1.fos.6d798eae-cadf-45de-946a-f477d47705b9
Jogo de Xícaras para Café Stoneware Stoneware Boreal,189.90,https://static-images-now.westwing.com.br/s/11973-1249-83261-2.jpg,https://now.westwing.com.br/jogo-de-xicaras-para-cafe-stoneware-stoneware-boreal-06-pessoas-11973.html?simple=DEQ20POR02029-16238&gclid=CjwKCAjwpqCZBhAbEiwAa7pXeXVz6l9gVZUWzVCzYnrfW5QJp2piv4vFE5SgRiFybEl3OBtIKItuRxoCbCcQAvD_BwE
Conjunto de Xícaras para Café Porto Brasil Roma com Pires,139.90,https://imgs.casasbahia.com.br/13601778/1xg.jpg,https://www.casasbahia.com.br/conjunto-de-xicaras-para-cafe-porto-brasil-roma-com-pires-em-faianca-feldspatica-72ml-6-pecas-13601778/p/13601778?utm_medium=Cpc&utm_source=GP_PLA&IdSku=13601778&idLojista=10037&tipoLojista=1P&&utm_campaign=ud_performance_max&gclid=CjwKCAjwpqCZBhAbEiwAa7pXeRh8_QzHj7LT8mjOsXUoUHRzfo7dz8VN_-U0lcvTjFgzs9IOdVLzLhoC7sUQAvD_BwE&gclsrc=aw.ds
Jogo com 6 Taças para Sorvete,52.00,https://d3pt1seq4txask.cloudfront.net/Custom/Content/Products/18/80/18800_conjunto-com-6-tacas-de-vidro-para-sorvete-10cm-93707_z1_637878880029510859.jpg,https://www.amazon.com.br/Jogo-Ta%C3%A7as-para-Sorvete-Casambiente/dp/B078HWZY2C/ref=asc_df_B078HWZY2C/?tag=googleshopp00-20&linkCode=df0&hvadid=379685432325&hvpos=&hvnetw=g&hvrand=1405201382912669354&hvpone=&hvptwo=&hvqmt=&hvdev=c&hvdvcmdl=&hvlocint=&hvlocphy=1001725&hvtargid=pla-1175677239960&psc=1
Jogo de Tigelas para Sobremesa Duralex Astral 250ml com 6 peças,64.90,https://encrypted-tbn0.gstatic.com/images?q=tbn:ANd9GcQg8HdXl8LlDH8W3tun9iT8G593EGK2D5qISA&usqp=CAU,https://loja.nadir.com.br/jogo-de-tigelas-para-sobremesa-duralex-astral-com-6-pecas?gclid=CjwKCAjwpqCZBhAbEiwAa7pXeXz0U10wV0zMrR-XowP9Q1WAEJUQo1qumLi8mmJDJU1wxnHeZ4azOhoCZFIQAvD_BwE
Conjunto 6 Taça - Casambiente,79.00,https://m.media-amazon.com/images/I/71KmeI21twL._AC_SL1044_.jpg,https://www.amazon.com.br/Conjunto-Ta%C3%A7a-Vidro-16-5-Casambiente/dp/B08HKKNSJQ/ref=sr_1_17?__mk_pt_BR=%C3%85M%C3%85%C5%BD%C3%95%C3%91&keywords=jogo+de+copo&qid=1663626281&sr=8-17&ufe=app_do%3Aamzn1.fos.6d798eae-cadf-45de-946a-f477d47705b9,1
Jogo Copos Água Suco Emerald Vidro 450ml 6 Pcs,78.90,https://m.media-amazon.com/images/I/519XHFcYX5L._AC_SL1000_.jpg,https://www.amazon.com.br/Jogo-Copos-Emerald-Vidro-450ml/dp/B08HFFG5M3/ref=asc_df_B08HFFG5M3/?tag=googleshopp00-20&linkCode=df0&hvadid=379685432142&hvpos=&hvnetw=g&hvrand=11783428020181778379&hvpone=&hvptwo=&hvqmt=&hvdev=c&hvdvcmdl=&hvlocint=&hvlocphy=1001725&hvtargid=pla-956850593003&psc=1
Jogo de 6 Taças Para Vinho Tinto Gastro,135.00,https://m.media-amazon.com/images/I/71abVVSU+ML._AC_SL1500_.jpg,https://www.amazon.com.br/Ta%C3%A7as-Vinho-Gastro-Bohemia-Transparente/dp/B00A8G2OIM/ref=sr_1_3?__mk_pt_BR=%C3%85M%C3%85%C5%BD%C3%95%C3%91&crid=CVHZF5P31EIN&keywords=jogo+de+ta%C3%A7a&qid=1663626363&s=kitchen&sprefix=jogo+de+ta%C3%A7a%2Ckitchen%2C202&sr=1-3&ufe=app_do%3Aamzn1.fos.db68964d-7c0e-4bb2-a95c-e5cb9e32eb12
Porta-Bolo de Bambu Com Tampa de Acrílico,95.77,https://m.media-amazon.com/images/I/51A4wjKW-EL._AC_SL1000_.jpg,https://www.amazon.com.br/Porta-Acrilica-Ecokitchen-Mimo-Style/dp/B07XWB9SVB/ref=asc_df_B07XWB9SVB/?tag=googleshopp00-20&linkCode=df0&hvadid=379816330550&hvpos=&hvnetw=g&hvrand=17561104907818006521&hvpone=&hvptwo=&hvqmt=&hvdev=c&hvdvcmdl=&hvlocint=&hvlocphy=1001725&hvtargid=pla-900780263219&psc=1
Prato de Bolo Pincelado Laranja Coral Casa Riachuelo 25cm,89.90,https://static.riachuelo.com.br/RCHLO/14274604001/portrait/c5f6a2e9065da73816158c4c4298a5e3dc4dd241.jpg,https://www.riachuelo.com.br/prato-de-bolo-pincelado-laranja-coral-casa-riachuelo-25cm-14274604001_sku?gclid=CjwKCAjwpqCZBhAbEiwAa7pXeUVkC8zB4a72uu6jXur8VNK0WfLp1XjuAfG1HsVEgBsxFOlPmOf72hoCulsQAvD_BwE
Serviço de Jantar e Chá 20 peças Porcelana,239.00,https://m.media-amazon.com/images/I/915SKpI2qXL._AC_SL1500_.jpg,https://www.amazon.com.br/Porcelana-Schmidt-578-020-0000/dp/B07CMWPDTY/ref=asc_df_B07CMWPDTY/?tag=googleshopp00-20&linkCode=df0&hvadid=379793457803&hvpos=&hvnetw=g&hvrand=17450564451126026763&hvpone=&hvptwo=&hvqmt=&hvdev=c&hvdvcmdl=&hvlocint=&hvlocphy=1001725&hvtargid=pla-810816544269&th=1
Conjunto Para Pizza Aço Inox 14 Peças,156.75,https://bazaremoda.com.br/wp-content/uploads/2020/09/KIT-PIZZA-14PC-3.jpg,https://www.viainox.com/produto/conjunto-para-pizza-aco-inox-14-pecas-preto-pizza-5467
Jogo de Facas 6 Peças Tramontina Plenus Preto,143.33,https://estatico.precolandia.com.br/images/product/Cepo-de-Facas-Plenus-6-Pecas-Preto-Tramontina-pre%C3%A7olandia-508187-0d.jpg,https://www.amazon.com.br/Facas-Pe%C3%A7as-Tramontina-Plenus-23498015/dp/B0772XQ7XQ/ref=asc_df_B0772XQ7XQ/?tag=googleshopp00-20&linkCode=df0&hvadid=379714275348&hvpos=&hvnetw=g&hvrand=15903195259771410001&hvpone=&hvptwo=&hvqmt=&hvdev=c&hvdvcmdl=&hvlocint=&hvlocphy=1001725&hvtargid=pla-810029703099&th=1
JOGO CHURRASCO INOX 12PC,118.71,https://images-shoptime.b2w.io/produtos/15212400/imagens/jogo-churrasco-inox-12pc-tradiciona/15212400_1_large.jpg,https://www.amazon.com.br/JOGO-CHURRASCO-INOX-12PC-DYNAMIC/dp/B07JQ34V7F/ref=asc_df_B07JQ34V7F/?tag=googleshopp00-20&linkCode=df0&hvadid=396541636923&hvpos=&hvnetw=g&hvrand=7237108873900445945&hvpone=&hvptwo=&hvqmt=&hvdev=c&hvdvcmdl=&hvlocint=&hvlocphy=1001725&hvtargid=pla-909473839399&psc=1
Kit Silicone Cabo em Madeira 13 peças,208.00,https://m.media-amazon.com/images/I/6161e6yMVUS._AC_SL1200_.jpg,https://www.amazon.com.br/Silicone-Madeira-pe%C3%A7as-Cinza-UnyHome/dp/B095J9S5SK/ref=sr_1_11?keywords=kit+utilidade&qid=1663626986&sr=8-11&ufe=app_do%3Aamzn1.fos.fcd6d665-32ba-4479-9f21-b774e276a678
KIT UTENSÍLIOS 4 PÇS,20.61,https://tokstok.vtexassets.com/arquivos/ids/1746008/Kit-Utensilios-4-Pcs-Natural-Bamboo.jpg?v=637000984879870000,https://www.tokstok.com.br/kit-utensilios-4-pcs-natural-bamboo/p?idsku=338757&utm_source=google&utm_medium=cpc&utm_campaign=14726063487&utm_term=128036090352&gclid=CjwKCAjwpqCZBhAbEiwAa7pXedbD7uHcfSimTFqtqDZuUk-cXnSKgjXF-pzloL-WSgzoAPogN_MWlxoCcTgQAvD_BwE
Kit de Colher concha espátula e escumadeira em silicone,64.80,https://m.media-amazon.com/images/I/41jNqrKOUoL._AC_SL1106_.jpg,https://www.amazon.com.br/Colher-concha-esp%C3%A1tula-escumadeira-silicone/dp/B098MWSZ4G/ref=asc_df_B098MWSZ4G/?tag=googleshopp00-20&linkCode=df0&hvadid=379727341882&hvpos=&hvnetw=g&hvrand=5072511005916583330&hvpone=&hvptwo=&hvqmt=&hvdev=c&hvdvcmdl=&hvlocint=&hvlocphy=1001725&hvtargid=pla-1437513921035&th=1
Centrífuga de alimentos Manual,86.31,https://m.media-amazon.com/images/I/71awlKBPCiS._AC_SL1500_.jpg,https://www.amazon.com.br/Centr%C3%ADfuga-alimentos-Seguran%C3%A7a-Sistema-Drenagem/dp/B08D711LGP/ref=asc_df_B08D711LGP/?tag=googleshopp00-20&linkCode=df0&hvadid=379699132246&hvpos=&hvnetw=g&hvrand=16644488362110988075&hvpone=&hvptwo=&hvqmt=&hvdev=c&hvdvcmdl=&hvlocint=&hvlocphy=1001725&hvtargid=pla-948724384273&psc=1
Travessa em Cerâmica 2.3 litros,69.99,https://www.havan.com.br/media/catalog/product/cache/820af7facfa7aca6eb3c138e3457dc8d/t/r/travessa-em-ceramica-2-3-litros-oslo-havan_288425_1.jpg,https://www.havan.com.br/travessa-em-ceramica-2-3-litros-oslo-havan-branco/p?utm_source=google&utm_medium=cpc&utm_campaign=PMAXUTENSILIOSDOMESTICOS&gclid=CjwKCAjwpqCZBhAbEiwAa7pXefPlXCOSRoMMMMPXCu0Z5f0oiD3WELdlE5INWIzUq5du5OMXzqV2bBoCSsoQAvD_BwE
Travessa Refrataria Hauskraft Oval Porcelana Branca 17cm,23.99,https://images-shoptime.b2w.io/produtos/01/00/img/3232238/7/3232238798_1GG.jpg,https://www.carajas.com.br/travessa-refrataria-hauskraft-oval-porcelana-branca-17cm-580270360/p?region_id=000101&gclid=CjwKCAjwpqCZBhAbEiwAa7pXeZRTyqt5mG44tYX4tV1GUxn3UONYJFoveVHBY3OxJYxE13cowy-NzRoCGdQQAvD_BwE
Assadeira Retangular Marinex 2.2L,42.90,https://loja.nadir.com.br/media/catalog/product/cache/3613d5e18b919a0734ed9e7b74a1afc7/g/d/gd16534937n_01.jpg,https://loja.nadir.com.br/assadeira-retangular-marinex-classica-2-2l?gclid=Cj0KCQjw7KqZBhCBARIsAI-fTKJeCYyPM5lNPCs3U4jz0MezLyH4BuM8FZtzAGV6t_AAxFf82oZ7NOQaAlhzEALw_wcB
Assadeira Redonda Marinex Seletta 2.4L,43.90,https://loja.nadir.com.br/media/catalog/product/cache/c9374bbd89641c59bc521af8dd3dd140/6/4/64960201015722_02.jpg,https://loja.nadir.com.br/assadeira-redonda-marinex-seletta-2-4l?gclid=Cj0KCQjw7KqZBhCBARIsAI-fTKJdWpwenw2a3iXpBPxLuRXirg76LAGlvFvhXPB8mHpz_CcMnQR_1OEaAg1MEALw_wcB
PÉROLAS PRATO P/ BOLO C/ PÉ 20 CM,35.90,https://tokstok.vtexassets.com/arquivos/ids/3317367/prato-p-bolo-c-pe-20-cm-incolor-p-rolas_st0.jpg?v=637771904920630000,https://www.tokstok.com.br/prato-p-bolo-c-pe-20-cm-incolor-perolas/p?idsku=406358&utm_source=google&utm_medium=cpc&utm_campaign=14726063487&utm_term=128036090352&gclid=Cj0KCQjw7KqZBhCBARIsAI-fTKL-Lksd7PJ1B189EqIOXDUKX6552ZS3jcpUmYOe_D22f44mzU01SZMaAvM2EALw_wcB
Forma para Bolo Redonda Antiaderente,39.90,https://a-static.mlcdn.com.br/1500x1500/forma-para-bolo-redonda-antiaderente-marcolar-prestige-542/magazineluiza/088056100/8eabc48c5ae666b8101b56880823dc64.jpg,https://www.magazineluiza.com.br/forma-para-bolo-redonda-antiaderente-marcolar-prestige-542/p/088056100/ud/fabo/?&force=7&seller_id=magazineluiza&utm_source=google&utm_medium=pla&utm_campaign=&partner_id=68825&gclid=Cj0KCQjw7KqZBhCBARIsAI-fTKIrXO9eg0Nxu5nI7Ugl9NLFwfmeMFAJxGu-S7L9yYaOPYoLFIgkPloaAofTEALw_wcB&gclsrc=aw.ds
Conjunto 3 Formas Fundo Removível Antiaderente,42.55,https://m.media-amazon.com/images/I/61kc6uqALgL._AC_SL1200_.jpg,https://www.amazon.com.br/Conjunto-Formas-Remov%C3%ADvel-Antiaderente-Confeitaria/dp/B08JPCLJ67/ref=asc_df_B08JPCLJ67/?tag=googleshopp00-20&linkCode=df0&hvadid=455483639906&hvpos=&hvnetw=g&hvrand=13435696092851229291&hvpone=&hvptwo=&hvqmt=&hvdev=c&hvdvcmdl=&hvlocint=&hvlocphy=9100688&hvtargid=pla-1209953960819&psc=1
Assadeira anti-aderente para forninho elétrico,29.90,https://a-static.mlcdn.com.br/1500x1500/assadeira-antiaderente-industrial-para-forno-50x30x4-cm-abc/evandroshop2/02717-2/338a0a6bba1eea39bfbca8079fc673b4.jpg,https://www.amazon.com.br/Assadeira-anti-aderente-para-forninho-el%C3%A9trico/dp/B08T123R9D/ref=asc_df_B08T123R9D/?tag=googleshopp00-20&linkCode=df0&hvadid=379699124791&hvpos=&hvnetw=g&hvrand=16505055357078043389&hvpone=&hvptwo=&hvqmt=&hvdev=c&hvdvcmdl=&hvlocint=&hvlocphy=9100688&hvtargid=pla-1650919640867&psc=1
Assadeira Funda de Alumínio 22 Cm Grafite Tramontina,48.90,https://1399028l.ha.azioncdn.net/img/2020/01/produto/6602/20051022-4.jpg?ims=fit-in/800x800/filters:fill(fff),https://www.hometoyou.com.br/assadeira-funda-de-aluminio-22-cm-grafite-tramontina/p?idsku=207&gclid=Cj0KCQjw7KqZBhCBARIsAI-fTKJJ7q1kFp8etUQkZ-B2l5fknwzKbney-zI6l3zaZnbVPgUL6sr61A0aAt4lEALw_wcB
Conjunto de Potes Tapoer,39.90,https://images-americanas.b2w.io/produtos/5009585990/imagens/conjunto-de-potes-tapoer-tapuer-jogo-de-vasilhas-plasticas-kit-com-10-pecas/5009585990_1_xlarge.jpg,https://www.americanas.com.br/produto/5009585990?epar=bp_pl_00_go_ud_d_58_n_comp_oi5&opn=YSMESP&WT.srch=1&offerId=626c348987c00289c2d63aae&gclid=Cj0KCQjw7KqZBhCBARIsAI-fTKJt8eU5he-q7S2_IKk5lcRnsIt-N-O6ng2UCytFUI6kXJhCdENeAlwaAiGjEALw_wcB
Pote Clear Trio 840 ml,53.90,https://m.media-amazon.com/images/I/819+cW6gBhL._AC_SL1500_.jpg,https://www.amazon.com.br/Pote-Clear-Trio-Coza-Branco/dp/B07QBSPK2W/ref=asc_df_B07QBSPK2W/?tag=googleshopp00-20&linkCode=df0&hvadid=379765457684&hvpos=&hvnetw=g&hvrand=12002836565659795764&hvpone=&hvptwo=&hvqmt=&hvdev=c&hvdvcmdl=&hvlocint=&hvlocphy=9100688&hvtargid=pla-811953651065&th=1
Conjunto Com 6 Potes Organizadores Para Alimento Empilhável,31.55,https://cdn.awsli.com.br/600x450/583/583922/produto/14645695447ef273615.jpg,https://www.tudodeferramentas.com.br/produto/conjunto-com-6-potes-organizadores-para-alimento-empilhavel.html?utm_source=Site&utm_medium=GoogleMerchant&utm_campaign=GoogleMerchant&gclid=Cj0KCQjw7KqZBhCBARIsAI-fTKKj6xyCh9Hc8G-mTsxX2tgIrDbXNN4TSLqjMwaAaqP1JpofdDyVyjYaAnMgEALw_wcB
Jogo de Potes Hermético 500 ml,24.90,https://m.media-amazon.com/images/I/41zBCFCBygL._AC_.jpg,https://www.amazon.com.br/Jogo-Potes-Herm%C3%A9tico-500-sortidas/dp/B07ZZL3PMY/ref=asc_df_B07ZZL3PMY/?tag=googleshopp00-20&linkCode=df0&hvadid=558994896212&hvpos=&hvnetw=g&hvrand=12002836565659795764&hvpone=&hvptwo=&hvqmt=&hvdev=c&hvdvcmdl=&hvlocint=&hvlocphy=9100688&hvtargid=pla-1472319698587&psc=1
Bandeja de Bambu Round,44.90,https://m.media-amazon.com/images/I/81FlRuNh2sL._AC_SL1500_.jpg,https://www.amazon.com.br/BANDEJA-BAMBU-ROUND-20x20x1-5cm/dp/B08X1V9YB9/ref=asc_df_B08X1V9YB9/?tag=googleshopp00-20&linkCode=df0&hvadid=379720633837&hvpos=&hvnetw=g&hvrand=12490367922133325746&hvpone=&hvptwo=&hvqmt=&hvdev=c&hvdvcmdl=&hvlocint=&hvlocphy=9100688&hvtargid=pla-1652794519570&psc=1
Forma Silicone Cupcake 12 Cavidades,44.50,https://m.media-amazon.com/images/I/712jqPAAw2L._AC_SL1500_.jpg,https://www.amazon.com.br/Forma-Silicone-Cupcake-Cavidades-Unidades/dp/B07B4HCWYJ/ref=asc_df_B07B4HCWYJ/?tag=googleshopp00-20&linkCode=df0&hvadid=379699124791&hvpos=&hvnetw=g&hvrand=11163913952531724571&hvpone=&hvptwo=&hvqmt=&hvdev=c&hvdvcmdl=&hvlocint=&hvlocphy=9100688&hvtargid=pla-811020184251&psc=1
Mimo Style Forma Redonda em Silicone,49.90,https://m.media-amazon.com/images/I/612zMFwuJXL._AC_SL1000_.jpg,https://www.amazon.com.br/Silicone-Mimo-Style-SN11223-Vermelho/dp/B076JLCPHM/ref=asc_df_B076JLCPHM/?tag=googleshopp00-20&linkCode=df0&hvadid=379715626932&hvpos=&hvnetw=g&hvrand=11163913952531724571&hvpone=&hvptwo=&hvqmt=&hvdev=c&hvdvcmdl=&hvlocint=&hvlocphy=9100688&hvtargid=pla-811020182811&th=1
Forma Assadeira De Silicone,22.10,https://http2.mlstatic.com/D_NQ_NP_2X_857433-MLB46586611243_072021-F.webp,https://produto.mercadolivre.com.br/MLB-1934914279-forma-assadeira-de-silicone-bolo-po-rocambole-forno-_JM?matt_tool=40168140&matt_word=&matt_source=google&matt_campaign_id=14302215507&matt_ad_group_id=134553697108&matt_match_type=&matt_network=g&matt_device=c&matt_creative=539425477636&matt_keyword=&matt_ad_position=&matt_ad_type=pla&matt_merchant_id=134710687&matt_product_id=MLB1934914279&matt_product_partition_id=1403983331189&matt_target_id=aud-264949471102:pla-1403983331189&gclid=Cj0KCQjw7KqZBhCBARIsAI-fTKLpIYO4XqwzQfHAnEaaJaoKJMRXkaU3NdlUMSCavhYVBM563_STqHIaAuFbEALw_wcB#&gid=1&pid=2
BULE TÉRMICO TRAMONTINA 1L,56.00,https://bazaremoda.com.br/wp-content/uploads/2022/03/BULE-TERMICO-EXATA-BEGE-02.jpg,https://www.amazon.com.br/T%C3%89RMICO-TRAMONTINA-EXATA-POLIPROPILENO-AMPOLA/dp/B08YFGZX6Q/ref=asc_df_B08YFGZX6Q/?tag=googleshopp00-20&linkCode=df0&hvadid=455483639906&hvpos=&hvnetw=g&hvrand=15180599233005045326&hvpone=&hvptwo=&hvqmt=&hvdev=c&hvdvcmdl=&hvlocint=&hvlocphy=9100688&hvtargid=pla-1258883488057&psc=1
Wincy Jarra de Vidro com Tampa Cromada Prata 1.3L,69.90,https://m.media-amazon.com/images/I/81rV0qTUc8L._AC_SL1500_.jpg,https://www.amazon.com.br/Wincy-Jarra-Vidro-Cromada-VDA11046/dp/B09R82XT4V/ref=asc_df_B09R82XT4V/?tag=googleshopp00-20&linkCode=df0&hvadid=379685432142&hvpos=&hvnetw=g&hvrand=7848201202874114481&hvpone=&hvptwo=&hvqmt=&hvdev=c&hvdvcmdl=&hvlocint=&hvlocphy=9100688&hvtargid=pla-1641971911385&psc=1
Jarra Com Tampa De Bambu Vidro Borossilicato,79.90,https://images-shoptime.b2w.io/produtos/5896114958/imagens/jarra-de-vidro-doppio-com-tampa-de-bambu-1-2l-hauskraft/5896114958_1_large.jpg,https://produto.mercadolivre.com.br/MLB-1367497172-jarra-com-tampa-de-bambu-vidro-borossilicato-acasa-_JM?matt_tool=40168140&matt_word=&matt_source=google&matt_campaign_id=14302215507&matt_ad_group_id=134553697108&matt_match_type=&matt_network=g&matt_device=c&matt_creative=539425477636&matt_keyword=&matt_ad_position=&matt_ad_type=pla&matt_merchant_id=224266665&matt_product_id=MLB1367497172&matt_product_partition_id=1403983331189&matt_target_id=aud-395642386021:pla-1403983331189&gclid=Cj0KCQjw7KqZBhCBARIsAI-fTKJoUjGu--tqgqIsi36F5WGH4ExGNonm48uUso0dizsO1JMcCQ3yYEoaAv9XEALw_wcB
KABUKI CESTO,53.90,https://tokstok.vtexassets.com/arquivos/ids/11077116-300-300/cesto-33-cm-x-23-cm-x-14-cm-madeira-natural-cream-kabuki_st0.jpg?v=637980774805600000,https://www.tokstok.com.br/cesto-33-cm-x-23-cm-x-14-cm-bambu-cream-kabuki/p?idsku=337893&utm_source=google&utm_medium=cpc&utm_campaign=18137643299&utm_term=&gclid=Cj0KCQjw7KqZBhCBARIsAI-fTKIrk3TluTaENM8JbXJRJnjsvWaKDLRkZKM5p6E2PFoUSh9Yj9pwcW0aAvK7EALw_wcB
Açucareiro de Vidro Borossilicato Com Tampa e Colher de Bambu,47.89,https://m.media-amazon.com/images/I/51bPODlL-dL._AC_SL1000_.jpg,https://www.amazon.com.br/A%C3%A7ucareiro-Vidro-Borossilicato-Colher-Ecokitchen/dp/B08PDQ12XH/ref=asc_df_B08PDQ12XH/?tag=googleshopp00-20&linkCode=df0&hvadid=457277241281&hvpos=&hvnetw=g&hvrand=17735164332187986650&hvpone=&hvptwo=&hvqmt=&hvdev=c&hvdvcmdl=&hvlocint=&hvlocphy=9100688&hvtargid=pla-1179391560475&psc=1
Saleiro De Mesa Porcelana,49.58,https://m.media-amazon.com/images/I/610uVz-y2uL._AC_SL1500_.jpg,https://www.amazon.com.br/Saleiro-Cer%C3%A2mica-Madeira-Colher-Bianco/dp/B09TWXFVNK/ref=asc_df_B09TWXFVNK/?tag=googleshopp00-20&linkCode=df0&hvadid=558994896212&hvpos=&hvnetw=g&hvrand=5655180384111201626&hvpone=&hvptwo=&hvqmt=&hvdev=c&hvdvcmdl=&hvlocint=&hvlocphy=9100688&hvtargid=pla-1646760278621&psc=1
Petisqueira Madeira Bambu Redonda Com Divisórias,32.30,https://m.media-amazon.com/images/I/616CpIwuGKL._AC_SL1200_.jpg,https://www.amazon.com.br/Petisqueira-Madeira-Redonda-Divis%C3%B3rias-Por%C3%A7%C3%A3o/dp/B0844LJPR7/ref=asc_df_B0844LJPR7/?tag=googleshopp00-20&linkCode=df0&hvadid=379765457684&hvpos=&hvnetw=g&hvrand=2608900822230889801&hvpone=&hvptwo=&hvqmt=&hvdev=c&hvdvcmdl=&hvlocint=&hvlocphy=9100688&hvtargid=pla-914372785862&psc=1
Conjunto Tábua e Petisqueiras 4 Peças,89.90,https://static.riachuelo.com.br/RCHLO/14151120001/portrait/d4d6b5b4e0c66cb9decda0ba7c0eb6168120e3d9.jpg?imwidth=700,https://www.riachuelo.com.br/conjunto-tabua-e-petisqueiras-4-pecas-bege-branco-casa-riachuelo-14151120001_sku?gclid=Cj0KCQjw7KqZBhCBARIsAI-fTKLGRSykG4bo-2EQWJ3mC_Ts0Y9vSP8bMiisFL5pIaI8ov7AwvKM_AEaAnBrEALw_wcB
Jogo Utensílios para Aperitivos 3 Peças,49.90,https://static.riachuelo.com.br/RCHLO/14160617001/portrait/54daf2716c9a818a9723848f12c5b0f41ea37256.jpg,https://www.riachuelo.com.br/jogo-utensilios-para-aperitivos-3-pecas-13173537001_sku
Porta Temperos Condimentos Preto,79.90,https://m.media-amazon.com/images/I/51KPa253p+L._AC_.jpg,https://www.amazon.com.br/Porta-Temperos-Condimentos-Potes-Suporte/dp/B07P5HWGZD/ref=d_pd_sbs_sccl_3_2/134-9187555-6406353?pd_rd_w=C7Gki&content-id=amzn1.sym.396bcc56-5339-4938-8137-ee27609cea84&pf_rd_p=396bcc56-5339-4938-8137-ee27609cea84&pf_rd_r=QSTY91AY9QTY9YBVKGXH&pd_rd_wg=HpgVX&pd_rd_r=2897c087-0c52-4a91-9e7f-730b25bc86de&pd_rd_i=B07P5HWGZD&psc=1
Tábua Retangular Bamboo,39.35,https://m.media-amazon.com/images/I/618-5AAZ69L._AC_SL1000_.jpg,https://www.amazon.com.br/T%C3%A1bua-Retangular-Bamboo-Mor-35/dp/B076X5ZLZQ/ref=asc_df_B076X5ZLZQ/?tag=googleshopp00-20&linkCode=df0&hvadid=379715601072&hvpos=&hvnetw=g&hvrand=11670237091529183809&hvpone=&hvptwo=&hvqmt=&hvdev=c&hvdvcmdl=&hvlocint=&hvlocphy=9100688&hvtargid=pla-853883924081&th=1
Tábua Santorini Bege,99.90,https://static.riachuelo.com.br/RCHLO/14126095001/portrait/e28aed9781d262ff3abd9cfaeb6bee669566f9ee.jpg?imwidth=700,https://www.riachuelo.com.br/tabua-santorini-bege-cinza-claro-30x20cm-casa-riachuelo-14352052001_sku?gclid=Cj0KCQjw7KqZBhCBARIsAI-fTKIrI8dsePhaVWeOx3M6vSBfoPbb0vROJ463rlLbmFWrYutBgOptDW8aAmnwEALw_wcB
Kit 3 Tábuas Teca c/ Suporte,94.80,https://s3-sa-east-1.amazonaws.com/rocky-220b9c4993c45159d728024b43c55063/19524512ba717723fc0153265b4ee886.jpg,https://www.amazon.com.br/T%C3%A1buas-Teca-Suporte-Organizador-Stolf/dp/B08VRP737Y/ref=asc_df_B08VRP737Y/?tag=googleshopp00-20&linkCode=df0&hvadid=405263819486&hvpos=&hvnetw=g&hvrand=832390494064277823&hvpone=&hvptwo=&hvqmt=&hvdev=c&hvdvcmdl=&hvlocint=&hvlocphy=9100688&hvtargid=pla-1209365709496&psc=1
Frigideira Francesa Rochedo Stone Pro 28 cm,87.00,https://m.media-amazon.com/images/I/61rghzkbwdL._AC_SL1000_.jpg,https://www.amazon.com.br/Frigideira-Francesa-Rochedo-Stone-Efeito/dp/B083STB5WF/ref=asc_df_B083STB5WF/?tag=googleshopp00-20&linkCode=df0&hvadid=379727342281&hvpos=&hvnetw=g&hvrand=16613632689808730898&hvpone=&hvptwo=&hvqmt=&hvdev=c&hvdvcmdl=&hvlocint=&hvlocphy=9100688&hvtargid=pla-900638543459&th=1
Frigideira - Garlic - 16 cm,25.00,https://m.media-amazon.com/images/I/71guCwQoVsL._AC_SS450_.jpg,https://www.amazon.com.br/Frigideira-Brinox-7000-351-Grafite/dp/B076X78VDQ/ref=asc_df_B076X78VDQ/?tag=googleshopp00-20&linkCode=df0&hvadid=379727342281&hvpos=&hvnetw=g&hvrand=7718656542605518593&hvpone=&hvptwo=&hvqmt=&hvdev=c&hvdvcmdl=&hvlocint=&hvlocphy=9100688&hvtargid=pla-900585875969&th=1
CONJUNTO PARA FONDUE COM 10 PÇS,74.00,https://m.media-amazon.com/images/I/51NC9DKKx2S._AC_SL1024_.jpg,https://www.amazon.com.br/CONJUNTO-PARA-FONDUE-INOX-CONTENDO/dp/B07MB7S8FF/ref=asc_df_B07MB7S8FF/?tag=googleshopp00-20&linkCode=df0&hvadid=379727342281&hvpos=&hvnetw=g&hvrand=137581449459124486&hvpone=&hvptwo=&hvqmt=&hvdev=c&hvdvcmdl=&hvlocint=&hvlocphy=9100688&hvtargid=pla-928419993536&psc=1
Descascador de Legumes 15cm,17.90,https://m.media-amazon.com/images/I/41Tglfox10L._SL500_.jpg,https://www.amazon.com.br/Descascador-Legumes-Mimo-Style-ASA21/dp/B076JJH83P/ref=asc_df_B076JJH83P/?tag=googleshopp00-20&linkCode=df0&hvadid=379805854685&hvpos=&hvnetw=g&hvrand=9633149396063479145&hvpone=&hvptwo=&hvqmt=&hvdev=c&hvdvcmdl=&hvlocint=&hvlocphy=9100688&hvtargid=pla-1716241436127&psc=1
Mini Moedor e Processador de alimentos sem fio,29.99,https://m.media-amazon.com/images/I/61HiEfBWEHL._AC_SL1000_.jpg,https://www.amazon.com.br/Moedor-Processador-alimentos-Recarregavel-vegetais/dp/B09647GYQB/ref=asc_df_B09647GYQB/?tag=googleshopp00-20&linkCode=df0&hvadid=456273449207&hvpos=&hvnetw=g&hvrand=15381833092908543614&hvpone=&hvptwo=&hvqmt=&hvdev=c&hvdvcmdl=&hvlocint=&hvlocphy=9100688&hvtargid=pla-1410721691657&psc=1
Ralador 6 Faces em Aço Inox,28.20,https://io.convertiez.com.br/m/francoi/shop/products/images/3436/large/ralador-6-faces-20cm-ctr-154-gedex-pc_3433.jpg,https://www.amazon.com.br/Ralador-Faces-Gedex-CTR-154-Preto/dp/B07K1LSJRQ/ref=asc_df_B07K1LSJRQ/?tag=googleshopp00-20&linkCode=df0&hvadid=379706649064&hvpos=&hvnetw=g&hvrand=429804550158849330&hvpone=&hvptwo=&hvqmt=&hvdev=c&hvdvcmdl=&hvlocint=&hvlocphy=9100688&hvtargid=pla-983451201542&psc=1
Tapete Escorredor De Louça Porta Pratos Copos,33.99,https://m.media-amazon.com/images/I/613+KBO7jwL._AC_SL1200_.jpg,https://www.amazon.com.br/Tapete-Escorredor-Lou%C3%A7a-Porta-Pratos/dp/B08Z1VBJXX/ref=asc_df_B08Z1VBJXX/?tag=googleshopp00-20&linkCode=df0&hvadid=455483639906&hvpos=&hvnetw=g&hvrand=7045001041066685722&hvpone=&hvptwo=&hvqmt=&hvdev=c&hvdvcmdl=&hvlocint=&hvlocphy=9100688&hvtargid=pla-1238342634206&psc=1
Escorredor Fantastik Piatina - 43cm,86.90,https://m.media-amazon.com/images/I/51QZ2VW1x-S._AC_.jpg,https://www.amazon.com.br/Escorredor-Arthi-FantaTSTik-Piatina-Preto/dp/B07SFVLFD6/ref=asc_df_B07SFVLFD6/?tag=googleshopp00-20&linkCode=df0&hvadid=379791911171&hvpos=&hvnetw=g&hvrand=7045001041066685722&hvpone=&hvptwo=&hvqmt=&hvdev=c&hvdvcmdl=&hvlocint=&hvlocphy=9100688&hvtargid=pla-877771766838&th=1
Jogo Americano Dione 2 Peças - 1 Quantidade,69.90,https://static.riachuelo.com.br/RCHLO/14380587001/portrait/966d989e11ac28fc2143b07b14336c9aff9285eb.jpg,https://www.riachuelo.com.br/jogo-americano-dione-2-pecas-bege-azul-marinho-33x48cm-casa-riachuelo-14380587001_sku
Jogo Americano Dione 2 Peças - 2 Quantidade,69.90,https://static.riachuelo.com.br/RCHLO/14380587001/portrait/966d989e11ac28fc2143b07b14336c9aff9285eb.jpg,https://www.riachuelo.com.br/jogo-americano-dione-2-pecas-bege-azul-marinho-33x48cm-casa-riachuelo-14380587001_sku
Lugar americano redondo - 1 Quantidade,39.90,https://cdn.awsli.com.br/800x800/1179/1179664/produto/99591711/be4ecf2fea.jpg,https://www.riachuelo.com.br/produto/lugar-americano-edondo-terra-em-fibra-natural-d40cm-367e6664f1db4a27bb5859874399e2d3
Lugar americano redondo - 2 Quantidade,39.90,https://cdn.awsli.com.br/800x800/1179/1179664/produto/99591711/be4ecf2fea.jpg,https://www.riachuelo.com.br/produto/lugar-americano-edondo-terra-em-fibra-natural-d40cm-367e6664f1db4a27bb5859874399e2d3
Lugar americano redondo - 3 Quantidade,39.90,https://cdn.awsli.com.br/800x800/1179/1179664/produto/99591711/be4ecf2fea.jpg,https://www.riachuelo.com.br/produto/lugar-americano-edondo-terra-em-fibra-natural-d40cm-367e6664f1db4a27bb5859874399e2d3
Lugar americano redondo - 4 Quantidade,39.90,https://cdn.awsli.com.br/800x800/1179/1179664/produto/99591711/be4ecf2fea.jpg,https://www.riachuelo.com.br/produto/lugar-americano-edondo-terra-em-fibra-natural-d40cm-367e6664f1db4a27bb5859874399e2d3
Cesto Lixeira de Embutir 3 Litros,137.00,https://a-static.mlcdn.com.br/1500x1500/lixeira-embutir-5-litros-tampa-inox-escovado-balde-aluminio-inovar-metais/inovarmetais1/2894/c1acaccb554d8ffc85dc37d03fc23468.jpeg,https://www.amazon.com.br/Lixeira-Embutir-Litros-Escovado-Alum%C3%ADnio/dp/B07Y8MGR45/ref=asc_df_B07Y8MGR45/?tag=googleshopp00-20&linkCode=df0&hvadid=379708204734&hvpos=&hvnetw=g&hvrand=5588864392158772425&hvpone=&hvptwo=&hvqmt=&hvdev=c&hvdvcmdl=&hvlocint=&hvlocphy=9100688&hvtargid=pla-848111267269&psc=1
Cesto Organizador Multiuso Aramado Preto,28.20,https://a-static.mlcdn.com.br/1500x1500/cesto-aramado-de-parede-lavanderia-cozinha-quarto-n2-preto-multiaramados/conectfriorefrigeracaohome/9276682114/ae0e57563c3ebf77a4701f10a8667364.jpg,https://www.magazineluiza.com.br/cesto-aramado-de-parede-lavanderia-cozinha-quarto-n2-preto-multiaramados/p/jb7478hcg6/ud/posb/
Suporte Para Rolos Porta Papel Toalha,28.31,https://images-americanas.b2w.io/produtos/1853642831/imagens/suporte-para-rolos-porta-papel-toalha-aco-cromado-passerini/1853642831_1_large.jpg,https://www.amazon.com.br/Suporte-Rolos-Porta-Toalha-Passerini/dp/B07P5J5WCQ/ref=asc_df_B07P5J5WCQ/?tag=googleshopp00-20&linkCode=df0&hvadid=456273449207&hvpos=&hvnetw=g&hvrand=9207051078020043446&hvpone=&hvptwo=&hvqmt=&hvdev=c&hvdvcmdl=&hvlocint=&hvlocphy=9100688&hvtargid=pla-985062320396&psc=1
Porta Guardanapo 19cm,52.99,https://a-static.mlcdn.com.br/1500x1500/porta-guardanapo-em-bambu-ecokitchen-mimo-style/mikasacomercioeletroportateis/7918936051/6a7df39de2ea64dd9a445c1d959249af.jpg,https://www.amazon.com.br/Guardanapo-Ecokitchen-Mimo-Style-Voltagev/dp/B07PZDLLSC/ref=asc_df_B07PZDLLSC/?tag=googleshopp00-20&linkCode=df0&hvadid=379715627214&hvpos=&hvnetw=g&hvrand=12004456144445204254&hvpone=&hvptwo=&hvqmt=&hvdev=c&hvdvcmdl=&hvlocint=&hvlocphy=9100688&hvtargid=pla-971938037277&psc=1
Kit Petisqueira Bambu 4 Peças Bege/Branco,99.90,https://static.riachuelo.com.br/RCHLO/14151138001/portrait/97c6ae06a9d1f2a7ee9c9fc48926bf5f8daa2918.jpg?imwidth=700,https://www.riachuelo.com.br/kit-petisqueira-bambu-4-pecas-bege-branco-casa-riachuelo-14151138001_sku?gclid=CjwKCAjwpqCZBhAbEiwAa7pXeeW6rToQyjClZsX2pRCPDUDmQWEEIrDMm616ySK4QFTkYrlAgmnHkRoC-F0QAvD_BwE
Fervedor Tramontina Turim em Alumínio,66.41,https://tramontinastorebr.vteximg.com.br/arquivos/ids/1329553-500-500/20332712PDM001B.jpg?v=637961737586670000,https://www.tramontinastore.com/fervedor-tramontina-turim-em-aluminio-com-revestimento-interno-e-externo-em-antiaderente-starflon-max-vermelho-12-cm-1-l_20332712/p?idsku=20332712&gclid=Cj0KCQjw7KqZBhCBARIsAI-fTKK7r2M_3xzt2ZAUHfARh6nA6LuOgjOfqc85mxQ_NnAPVJqkTPMPqD8aAk5gEALw_wcB%20%20;%20%20%20https://www.amazon.com.br/Porta-Frios-Pegador-%C3%81tina-Divis%C3%B3rias/dp/B075XM6GSM/ref=asc_df_B075XM6GSM/?tag=googleshopp00-20&linkCode=df0&hvadid=379727342281&hvpos=&hvnetw=g&hvrand=896472347252708786&hvpone=&hvptwo=&hvqmt=&hvdev=c&hvdvcmdl=&hvlocint=&hvlocphy=9100688&hvtargid=pla-812124822676&th=1#&gid=1&pid=1
Protetor de Alimentos,27.62,https://m.media-amazon.com/images/I/51S0-1qqtjL._AC_SL1000_.jpg,https://www.amazon.com.br/Protetor-Alimentos-Mimo-Style-AP30/dp/B076JHMRHK/ref=asc_df_B076JHMRHK/?tag=googleshopp00-20&linkCode=df0&hvadid=379727342281&hvpos=&hvnetw=g&hvrand=5974488035842017820&hvpone=&hvptwo=&hvqmt=&hvdev=c&hvdvcmdl=&hvlocint=&hvlocphy=9100688&hvtargid=pla-811009255320&psc=1]
Conjunto de talheres de aço inoxidável de 24 peças,149.99,https://m.media-amazon.com/images/I/71wZAxgO0sL._AC_SL1000_.jpg,https://www.amazon.com.br/Conjunto-talheres-inoxid%C3%A1vel-conjunto-Adequado/dp/B099GXKT6G/ref=sr_1_1_sspa?keywords=conjunto+de+talher+dourado&qid=1664228020&qu=eyJxc2MiOiIyLjAyIiwicXNhIjoiMC4wMCIsInFzcCI6IjAuMDAifQ%3D%3D&sr=8-1-spons&ufe=app_do%3Aamzn1.fos.6a09f7ec-d911-4889-ad70-de8dd83c8a74&psc=1