Cama Box Baú Queen Branca + Colchão De Molas Ensacadas - Ortobom,3079.90,https://images-shoptime.b2w.io/produtos/4148009917/imagens/cama-box-bau-queen-branca-colchao-de-molas-ensacadas-ortobom-airtech-springpocket-158x198x72cm/4148009925_1_large.jpg,https://www.shoptime.com.br/produto/4148009917/?cor=Branco&tamanho=Casal
Mesa Redonda Opção 1.20m,1369.90,https://a-static.mlcdn.com.br/800x560/mesa-de-jantar-cone-6-lugares-de-madeira-imbuia-130m-rund-kr/incorhome/594176257/d2481845d5beb8c8330b68dcd3afa9eb.jpg,https://www.meandhome.com.br/mesa-redonda-120-opc-o-1-10mt-e-1-20-mt-prd.html?fbclid=IwAR0iGktjm923SzcIrkoMHGSilq3_dKWDA6ePhod8jURRez3EBqUxxBY4OHU_aem_AZ2GzROOG1kPfUkK_Yis0FYZPY1D6tA-WJCWLfUjnZb5zxDCFwlTmV4t6DHGMyYwtanvxRPv5a44PLM5FFRU5NBJX0FhsDRN34Deio1BtgrLXmE4opn-sukTYFmzRIFTzKE&mibextid=xId9XV
Aparelho de Jantar e Chá 20 Peças Bothanica Oxford,249.99,https://images-shoptime.b2w.io/produtos/01/00/img/1867825/6/1867825638_1GG.jpg,https://www.shoptime.com.br/produto/1867825582/?cor=COLORIDO&tamanho=UNICO
Panelas 6pcs,574.90,https://images-shoptime.b2w.io/produtos/01/00/image/134408/2/134408271_1GG.jpg,https://www.shoptime.com.br/produto/134408255/
Aspirador de Pó WAP SILENT SPEED,239.90,https://m.media-amazon.com/images/I/61k75t77p+S._AC_SL1500_.jpg,https://www.amazon.com.br/Aspirador-Vertical-Silent-Speed-WAP/dp/B07D6VN5G4/ref=asc_df_B07D6WR5S8/?tag=googleshopp00-20&linkCode=df0&hvadid=379804781003&hvpos=&hvnetw=g&hvrand=16456630081999209607&hvpone=&hvptwo=&hvqmt=&hvdev=c&hvdvcmdl=&hvlocint=&hvlocphy=1001725&hvtargid=pla-809744454702&th=1
VAPORIZADOR PORTÁTIL DE ROUPAS,259.00,https://images-americanas.b2w.io/produtos/3931944835/imagens/vaporizador-portatil-black-decker-bdv2000v-1200w-220v/3931944835_1_large.jpg,https://www.amazon.com.br/VAPORIZADOR-PORT%C3%81TIL-ROUPAS-HIGIENIZADOR-CONTINUO/dp/B077NPRMHV/ref=asc_df_B077NPRMHV/?tag=googleshopp00-20&linkCode=df0&hvadid=379816314719&hvpos=&hvnetw=g&hvrand=18088846245098418360&hvpone=&hvptwo=&hvqmt=&hvdev=c&hvdvcmdl=&hvlocint=&hvlocphy=1001725&hvtargid=pla-810045806146&psc=1
Ferro a Vapor,149.99,https://img.camicado.com.br/item/000000000000048171/zoom/1.jpg,https://www.camicado.com.br/p/ferro-a-vapor-antiaderente-127v-oster/-/A-300048171-br.lc?sku=000000000000048171&gclid=CjwKCAjwo_KXBhAaEiwA2RZ8hI1ixaOBbIJDvAuKZYoCGy5NuyjCEODhXlyvZMuKHsmCykPUF4myXBoChysQAvD_BwE
Batedeira Philco,389.90,https://a-static.mlcdn.com.br/800x560/batedeira-philco-preta-500w-pbt510p-4-velocidades/magazineluiza/222058100/4dc5f35c73c9d67d81b859f74ba0a04b.jpg,https://www.magazineluiza.com.br/batedeira-philco-preta-500w-pbt510p-4-velocidades/p/222058100/ep/bate/
Batedeira Mondial (2 opção),229.90,https://a-static.mlcdn.com.br/800x560/batedeira-mondial-400w-bella-massa-b-23-np-4-velocidades/magazineluiza/224206000/00e25c09169553ec716911b4ca4a5a66.jpg,https://www.magazineluiza.com.br/batedeira-mondial-400w-bella-massa-b-23-np-4-velocidades/p/224206000/ep/btdc/
Máquina de Café Nespresso,499.90,https://www.fastshop.com.br//wcsstore/FastShopCAS/images/catalog/NLC30BRBCO_PRD/NLC30BRBCO_PRD_447_3.jpeg,https://www.extra.com.br/maquina-de-cafe-nespresso-essenza-mini-c30-com-kit-boas-vindas-branca-55030974/p/55030974?utm_medium=cpc&utm_source=GP_PLA&IdSku=55030974&idLojista=15&tipoLojista=1P&utm_campaign=gg_pmax_core_elpo&gclid=CjwKCAjwo_KXBhAaEiwA2RZ8hL3Vl7yA4ukflVPmIAZXQtj6ys83jDFzM7CzeaifQdNdWsr4daE4UxoCVR8QAvD_BwE
Liquidificador Mondial - Turbo Inox,169.25,https://i.zst.com.br/thumbs/12/5/34/175213140.jpg,https://www.amazon.com.br/Liquidificador-Turbo-1200w-Mondial-L-1200/dp/B07GHQGX35/ref=asc_df_B07GHQGX35/?tag=googleshopp00-20&linkCode=df0&hvadid=379727342281&hvpos=&hvnetw=g&hvrand=149204572569792880&hvpone=&hvptwo=&hvqmt=&hvdev=c&hvdvcmdl=&hvlocint=&hvlocphy=1001725&hvtargid=pla-834116202234&th=1
Espremedor De Frutas Freshmix,159.90,https://seletos.com.br/wp-content/uploads/2020/12/Espremedor-de-Frutas-Freshmix-Preto-Hamilton-Beach.jpg,https://produto.mercadolivre.com.br/MLB-2221908068-espremedor-de-frutas-freshmix-preto-110v-hamilton-beach-_JM?matt_tool=25983769&matt_word=&matt_source=google&matt_campaign_id=16393052805&matt_ad_group_id=133859807716&matt_match_type=&matt_network=g&matt_device=c&matt_creative=584296520798&matt_keyword=&matt_ad_position=&matt_ad_type=pla&matt_merchant_id=543886177&matt_product_id=MLB2221908068&matt_product_partition_id=1659168161434&matt_target_id=aud-315891067339:pla-1659168161434&gclid=CjwKCAjwo_KXBhAaEiwA2RZ8hBoDaOZ-fbShghbCngnuJ74B42uewHtEZ8gS6NcHAAgQITtSlENSYxoCAwIQAvD_BwE
Sanduicheira Minigrill Gourmet,114.90,https://m.media-amazon.com/images/I/51EPr56gf5L._AC_SL1000_.jpg,https://www.amazon.com.br/Multilaser-CE043-Sanduicheira-Grill-Gourmet/dp/B07CJXG1KM/ref=asc_df_B07CJXG1KM/?tag=googleshopp00-20&linkCode=df0&hvadid=379816330550&hvpos=&hvnetw=g&hvrand=2389439734446851717&hvpone=&hvptwo=&hvqmt=&hvdev=c&hvdvcmdl=&hvlocint=&hvlocphy=1001725&hvtargid=pla-815190441732&psc=1
Multiprocessador Philco Preto All in One 2,289.00,https://a-static.mlcdn.com.br/800x560/multiprocessador-philco-preto-all-in-one-2-citrus-2-velocidades-pulsar-800w/magazineluiza/023722200/73120c82bbc59124b7dbead28c010f23.jpg,https://www.magazineluiza.com.br/multiprocessador-philco-preto-all-in-one-2-citrus-2-velocidades-pulsar-800w/p/023722200/ep/prsa/?&seller_id=magazineluiza&utm_source=google&utm_medium=pla&utm_campaign=&partner_id=67192&gclid=CjwKCAjwo_KXBhAaEiwA2RZ8hF0mrWeRUO3e5v550Nso9ts_JuXvM40cFvodEe2cNKCT4qYHDvAEQBoCit4QAvD_BwE&gclsrc=aw.ds
Airfryer - Fritadeira Sem Óleo Mondial,387.19,https://i.zst.com.br/thumbs/12/36/38/1646448963.jpg,https://www.amazon.com.br/Fritadeira-sem-%C3%93leo-Mondial-AF-30I/dp/B07WFHZQ2T/ref=asc_df_B07WFHZQ2T/?tag=googleshopp00-20&linkCode=df0&hvadid=379727342281&hvpos=&hvnetw=g&hvrand=16110249990930428968&hvpone=&hvptwo=&hvqmt=&hvdev=c&hvdvcmdl=&hvlocint=&hvlocphy=1001725&hvtargid=pla-877124690844&th=1
Fritadeira Elétrica Sem Óleo Air Fry (2 opção),439.00,https://a-static.mlcdn.com.br/800x560/fritadeira-eletrica-sem-oleo-air-fryer-philco-gourmet-black-pfr15p-preto-32l/magazineluiza/023329000/e6530c10e3f11e3f5f5c571872a62951.jpg,https://www.casasbahia.com.br/fritadeira-eletrica-sem-oleo-air-fry-philco-pfr15p-gourmet-4l-preta-55035450/p/55035450?utm_medium=cpc&utm_source=GP_PLA&IdSku=55035450&idLojista=10037&tipoLojista=1P&utm_campaign=gg_pmax_core_elpo&gclid=CjwKCAjwo_KXBhAaEiwA2RZ8hL27-aZ7rCFKoxOPwgYWQI2JbnEanwgllLVMoNNbjQkRefTsqIWSdBoClCQQAvD_BwE
MINI LUCE POTE LUMINÁRIA MESA,99.90,https://tokstok.vtexassets.com/arquivos/ids/1825053-553-553/Pote-Luminaria-Mesa-Tipo-Mogno-natural-Mini-Luce.jpg?v=637014998840370000,https://www.tokstok.com.br/luce-pote-luminaria-mesa-nozes-natural-mini/p?idsku=4191&utm_source=google&utm_medium=cpc&utm_campaign=16587769101&utm_term=&gclid=CjwKCAjwo_KXBhAaEiwA2RZ8hAxTbR3MzUWLh5OhYVmuIVZsw8YjVbLH89yGgRCYKLJP5Jjp7_HsohoCOAQQAvD_BwE
Mesa Lateral Retangular Steel Thassos,289.99,https://staticmobly.akamaized.net/p/Artesano-Mesa-Lateral-Retangular-Steel-Thassos-e-Preta-4801-149108-1-zoom.jpg,https://staticmobly.akamaized.net/p/Artesano-Mesa-Lateral-Retangular-Steel-Thassos-e-Preta-4801-149108-1-zoom.jpg
Cadeira Leda Base Madeira Rivatti (1 unidade),311.90,https://ferragensfloresta.vteximg.com.br/arquivos/ids/182010-800-800/53784.jpg?v=637375912248500000,https://www.casawolker.com.br/cadeiras/cadeira-leda-base-madeira?parceiro=3273&variant_id=2587&gclid=CjwKCAjwo_KXBhAaEiwA2RZ8hDDFImXp4I_LPmA3qTuDNb9Gv4k1jAHKeWOc5T8Ovo5O4ULetyswXhoCuegQAvD_BwE
Cadeira Leda Base Madeira Rivatti (2 unidade),311.90,https://ferragensfloresta.vteximg.com.br/arquivos/ids/182010-800-800/53784.jpg?v=637375912248500000,https://www.casawolker.com.br/cadeiras/cadeira-leda-base-madeira?parceiro=3273&variant_id=2587&gclid=CjwKCAjwo_KXBhAaEiwA2RZ8hDDFImXp4I_LPmA3qTuDNb9Gv4k1jAHKeWOc5T8Ovo5O4ULetyswXhoCuegQAvD_BwE
Jogo de Colcha Queen New Colors 3 Peças - Buddemeyer,749.99,https://images-shoptime.b2w.io/produtos/01/00/img/3521107/9/3521107938_1GG.jpg,https://www.camicado.com.br/p/jogo-de-colcha-queen-new-colors-3-pecas-buddemeyer/-/A-100189120-br.lc?sku=100189138
Lençol com Elástico Queen New Soft,239.99,https://a-static.mlcdn.com.br/800x560/lencol-com-elastico-queen-new-soft-160-m-x-2-m-x-40-cm-home-style/camicado/0000000000053024/68234b8c24d3003a63506c0828a38078.jpg,https://www.camicado.com.br/p/lencol-com-elastico-queen-new-soft-160-m-x-2-m-x-40-cm-home-style/-/A-300053024-br.lc?sku=000000000000053024
Queen 7 peças (Cobre Leito + Jogo de lençol),499.90,https://images.yampi.me/assets/stores/donadacasaenxoval/uploads/images/kit-coordenado-classic-casal-padrao-6-pecas-cobre-leito-jogo-de-lencol-grid-5fdd26e50e263-large.jpg,https://www.donadacasaenxoval.com.br/kit-coordenado-classic-casal-queen-7-pecas-cobre-leito-jogo-de-lencol-grid/p?gclid=CjwKCAjwo_KXBhAaEiwA2RZ8hC5DIl0XEnKzNamXisDJYECj7YN1mB1-SXsfKuGlIrSerLO2nlHNaBoCAD0QAvD_BwE
Jogo de Cobre-Leito,282.90,https://static-images-now.westwing.com.br/s/4400-3333-80850-1-product2.jpg,https://now.westwing.com.br/jogo-de-cobre-leito-dupla-face-plaza-bege-e-preto-4400.html?simple=DEQ20LAV45992-5808&gclid=CjwKCAjwo_KXBhAaEiwA2RZ8hAy_47nEfrnuzJFT7HpZy7uWiiyDF350VRw8dUOz3YSU6FNSoym8sRoCd0sQAvD_BwE
Coberdrom Sherpa Manta Fleece - Bege,232.90,https://static-images-now.westwing.com.br/s/45827-1185-33206-1-product2.jpg,https://now.westwing.com.br/coberdrom-sherpa-manta-fleece-bege-45827.html?simple=DEQ22LAV14610-60192&gclid=CjwKCAjwo_KXBhAaEiwA2RZ8hOeQ7U7QTMbY8GQqaC7fCZQgFsHvkgEZ8DVewX8ganwn6Lk08gwEehoCQicQAvD_BwE
Conjunto de 3 peças de edredom liso,138.95,https://ae01.alicdn.com/kf/Hd05e45e35cbe42e8839eb842625e82f9t/Capa-de-edredom-em-linho-conjunto-de-roupa-de-cama-em-linho-lavado-com-enzima-colorida.jpg_Q90.jpg_.webp,https://br.shein.com/3pcs-Plain-Duvet-Cover-Set-Without-Filler-p-3547236-cat-1943.html?url_from=adpla-br-pla-sh2108243522225775-135200_GPM&cid=16900773324&setid=&adid=&pf=GOOGLE&gclid=CjwKCAjwo_KXBhAaEiwA2RZ8hBTI8Jmxe3KQbKOleMMT1N-iIbFxSf2xS-JJ7JX2kcMxbuWOerd7dRoC5FUQAvD_BwE&main_attr=27_140&mallCode=1
Kit 2 Banqueta Assent. Quadrado C/ Encosto Estilo Industrial,258.50,https://http2.mlstatic.com/D_NQ_NP_695638-MLB49512329452_032022-O.webp,https://produto.mercadolivre.com.br/MLB-2221736645-kit-2-banqueta-assent-quadrado-c-encosto-estilo-industrial-_JM?matt_tool=61275631&matt_word=&matt_source=google&matt_campaign_id=14302215501&matt_ad_group_id=134553696468&matt_match_type=&matt_network=g&matt_device=c&matt_creative=539425477432&matt_keyword=&matt_ad_position=&matt_ad_type=pla&matt_merchant_id=140070759&matt_product_id=MLB2221736645&matt_product_partition_id=1406966618381&matt_target_id=aud-378637574381:pla-1406966618381&gclid=Cj0KCQjwxveXBhDDARIsAI0Q0x1_7tHrpN-FR9dOPAD-sjERrEc9RT9ICxlX1Ku9IwaphDEifdO1Oa0aAk8vEALw_wcB
Cortina Linho Branca,300.00,https://a-static.mlcdn.com.br/1500x1500/cortina-madri-semi-blackout-linho-250-x-410m-tapecaria-americana/hedrevestimentos/madri4-10/973940654733e908bb81d3912f78c97f.jpeg
Travessa em Cerâmica 3.8 litros Oslo - Branco,99.99,https://www.havan.com.br/media/catalog/product/cache/820af7facfa7aca6eb3c138e3457dc8d/t/r/travessa-em-cer_mica-3-8-litros-oslo_247682.jpg,https://www.havan.com.br/travessa-em-ceramica-3-8-litros-oslo-branco/p?utm_source=CompWhats
Varal De Chão Com Abas Maxi Mor - Branco,179.99,https://www.havan.com.br/media/catalog/product/cache/820af7facfa7aca6eb3c138e3457dc8d/v/a/varal-de-chao-com-abas-maxi-mor_69562_2.jpg,https://www.havan.com.br/varal-de-chao-com-abas-maxi-mor-branco/p?utm_source=CompWhats
Panela De Pressão Tramontina Vancouver 6 Litros,299.90,https://www.havan.com.br/media/catalog/product/cache/820af7facfa7aca6eb3c138e3457dc8d/p/a/panela-de-pressao-tramontina-vancouver-6-litros_509595.jpg,https://www.havan.com.br/panela-de-pressao-tramontina-vancouver-6-litros-grafite/p?utm_source=CompWhats
Cepo De Facas Havan Casa Napoli 6 Peças - Preto,139.99,https://www.havan.com.br/media/catalog/product/cache/820af7facfa7aca6eb3c138e3457dc8d/c/e/cepo-de-facas-havan-casa-napoli-6-pecas_640414.jpg,https://www.havan.com.br/jogo-de-facas-5-pecas-com-suporte-acrilico-solecasa-diversos/p?utm_source=CompWhats
Tapete Majestic,49.99,https://www.havan.com.br/media/catalog/product/cache/820af7facfa7aca6eb3c138e3457dc8d/t/a/tapete-majestic-40x60cm--havan_247131_1.jpg,https://www.havan.com.br/tapete-majestic-40x60cm-havan-bege-listra/p?utm_source=CompWhats
Persiana Blackout Em Rolo,279.99,https://www.havan.com.br/media/catalog/product/cache/820af7facfa7aca6eb3c138e3457dc8d/p/e/persiana-blackout-em-rolo-evolux-1-40x1-60m_250379_1.jpg,https://www.havan.com.br/persiana-blackout-em-rolo-evolux-1-40x1-60m-branca/p?utm_source=CompWhats
Churrasqueira Montana 3005 Mor - Preto,179.99,https://www.havan.com.br/media/catalog/product/cache/820af7facfa7aca6eb3c138e3457dc8d/c/h/churrasqueira-montana-3005-mor_253136_2.jpg,https://www.havan.com.br/churrasqueira-montana-3005-mor-diversos/p?utm_source=CompWhats
Jogo para Churrasco Tramontina Polywood 12 peças,149.99,https://www.havan.com.br/media/catalog/product/cache/820af7facfa7aca6eb3c138e3457dc8d/j/o/jogo-para-churrasco-tramontina-polywood-12-pecas_270702.jpg,https://www.havan.com.br/jogo-para-churrasco-tramontina-polywood-12-pecas-21199-703/p?utm_source=CompWhats
Faqueiro de luxo Preto Slim Talheres de aço Inoxidavel 24pçs,139.90,https://m.media-amazon.com/images/I/518ou4yhCZL._AC_SL1080_.jpg,https://www.amazon.com.br/dp/B09W82XNP3/ref=cm_sw_r_api_i_MGQJ0AHV0H55NY100HTP_0
Aparelho de Jantar Alleanza 12 pçs Ritz,192.72,https://m.media-amazon.com/images/I/81zPcEkNjkL._AC_SL1500_.jpg,https://www.amazon.com.br/dp/B0862149XR/ref=cm_sw_r_api_i_Z0BNTS39SPSCQJT1E1DD_0?psc=1
Serviço de Jantar e Chá 20 peças Porcelana - Branco - Schmidt,285.00,https://m.media-amazon.com/images/I/41YkcU7LAgL._AC_SL1000_.jpg,https://www.amazon.com.br/dp/B07CMWPDTY/ref=cm_sw_r_api_i_TF4BFXYQ7D2K20TVZ7BG_0
Faqueiro Lyon - 36 peças - Aço Inox - Brinox,119.89,https://m.media-amazon.com/images/I/51WOwdxtjzL._AC_SL1000_.jpg,https://www.amazon.com.br/dp/B07YN1T44F/ref=cm_sw_r_api_i_WBXHW425H81RA2T6C375_0
Jogo De Toalhas Day By Day Istambul - Branco - 5Pçs - Altenburg,159.99,https://img-br.prvstatic.com/front/get/photo/207980_-_images_-_products_-_01444206001-0-1100_0-1100_-_ab1.jpg,https://br.privalia.com/public/home/campaign/Best-Sellers-Altenburg/id/207980/product/67174412?utm_source=privalia.com&utm_medium=share&utm_campaign=Best%20Sellers%20Altenburg&utm_content=67174412
Jogo De Toalhas Day By Day Tóquio G2 - Bege Claro - 5Pçs - Altenburg,145.99,https://img-br.prvstatic.com/front/get/photo/207980_-_images_-_products_-_01445802001-7-1216_7-1216_-_ab1.jpg,https://br.privalia.com/public/home/campaign/Best-Sellers-Altenburg/id/207980/product/67174427?utm_source=privalia.com&utm_medium=share&utm_campaign=Best%20Sellers%20Altenburg&utm_content=67174427
Jogo Taça Agua Suco Alda 6 Peças 370 ML,219.99,https://img.camicado.com.br/item/100039279/zoom/1.jpg,https://www.camicado.com.br/p/jogo-taca-agua-suco-alda-6-pecas-370-ml/-/A-100039261-br.lc?sku=100039279
Conjunto Taça para Água de Acrílico Bico de Jaca 320ML 6PÇS,255.00,https://utilplast.vteximg.com.br/arquivos/ids/297174/36910.jpg?v=637509838897200000,https://www.camicado.com.br/p/conjunto-taca-para-agua-de-acrilico-bico-de-jaca-320ml-6pcs/-/A-700234559-br.lc?sku=750593313